1|11-07-2022 00:00:00/13.00:00:00|True|1|3
2|08-03-2023 00:00:00/11.00:00:00|True|1|1
3|30-04-2023 00:00:00/3.00:00:00|True|1|1
4|17-04-2023 00:00:00/2.00:00:00|True|1|3
5|06-08-2022 00:00:00/5.00:00:00|True|1|1
6|08-12-2022 00:00:00/7.00:00:00|True|1|2
7|31-01-2023 00:00:00/6.00:00:00|True|1|3
8|26-10-2022 00:00:00/18.00:00:00|True|1|2
9|17-11-2022 00:00:00/19.00:00:00|True|1|1
10|09-05-2023 00:00:00/17.00:00:00|True|1|1
11|17-09-2022 00:00:00/15.00:00:00|True|1|2
12|23-11-2022 00:00:00/11.00:00:00|True|1|2
13|12-10-2022 00:00:00/6.00:00:00|True|1|1
14|31-05-2023 00:00:00/15.00:00:00|True|1|3
15|24-01-2023 00:00:00/9.00:00:00|True|1|2
16|30-07-2022 00:00:00/14.00:00:00|True|1|2
17|25-04-2023 00:00:00/11.00:00:00|True|1|2
18|31-08-2022 00:00:00/10.00:00:00|True|1|2
19|07-05-2023 00:00:00/6.00:00:00|True|1|3
20|29-11-2022 00:00:00/18.00:00:00|True|1|1
21|13-02-2023 00:00:00/12.00:00:00|True|1|3
22|18-04-2023 00:00:00/17.00:00:00|True|1|2
23|10-10-2022 00:00:00/19.00:00:00|True|1|2
24|03-07-2022 00:00:00/15.00:00:00|True|1|2
25|05-03-2023 00:00:00/7.00:00:00|True|1|3
26|26-01-2023 00:00:00/18.00:00:00|True|1|2
27|11-11-2022 00:00:00/8.00:00:00|True|1|2
28|07-03-2023 00:00:00/17.00:00:00|True|1|1
29|09-10-2022 00:00:00/10.00:00:00|True|1|1
30|23-07-2022 00:00:00/3.00:00:00|True|1|1
31|17-02-2023 00:00:00/4.00:00:00|True|1|3
32|05-12-2022 00:00:00/8.00:00:00|True|1|1
33|31-10-2022 00:00:00/19.00:00:00|True|1|3
34|13-04-2023 00:00:00/11.00:00:00|True|1|1
35|01-04-2023 00:00:00/2.00:00:00|True|1|3
36|22-03-2023 00:00:00/14.00:00:00|True|8|3
37|14-06-2023 00:00:00/6.00:00:00|True|8|2
38|14-09-2022 00:00:00/14.00:00:00|True|8|1
39|09-10-2022 00:00:00/4.00:00:00|True|8|3
40|24-09-2022 00:00:00/5.00:00:00|True|8|1
41|08-12-2022 00:00:00/7.00:00:00|True|8|3
42|27-08-2022 00:00:00/10.00:00:00|True|8|1
43|11-07-2022 00:00:00/18.00:00:00|True|8|2
44|19-09-2022 00:00:00/4.00:00:00|True|8|1
45|28-09-2022 00:00:00/6.00:00:00|True|8|3
46|08-06-2023 00:00:00/9.00:00:00|True|8|2
47|01-10-2022 00:00:00/5.00:00:00|True|8|3
48|02-03-2023 00:00:00/11.00:00:00|True|8|1
49|11-03-2023 00:00:00/15.00:00:00|True|8|3
50|16-07-2022 00:00:00/12.00:00:00|True|9|2
51|12-04-2023 00:00:00/6.00:00:00|True|9|2
52|18-12-2022 00:00:00/12.00:00:00|True|9|1
53|08-05-2023 00:00:00/8.00:00:00|True|9|3
54|21-09-2022 00:00:00/2.00:00:00|True|9|3
55|04-03-2023 00:00:00/5.00:00:00|True|9|1
56|25-05-2023 00:00:00/18.00:00:00|True|9|3
57|23-03-2023 00:00:00/13.00:00:00|True|9|3
58|05-02-2023 00:00:00/2.00:00:00|True|9|2
59|27-02-2023 00:00:00/13.00:00:00|True|9|2
60|22-02-2023 00:00:00/18.00:00:00|True|9|3
61|25-04-2023 00:00:00/12.00:00:00|True|9|3
62|08-10-2022 00:00:00/3.00:00:00|True|9|3
63|19-03-2023 00:00:00/6.00:00:00|True|9|1
64|28-02-2023 00:00:00/16.00:00:00|True|9|2
65|04-09-2022 00:00:00/17.00:00:00|True|9|1
66|25-11-2022 00:00:00/1.00:00:00|True|9|1
67|29-03-2023 00:00:00/5.00:00:00|True|9|2
68|02-07-2022 00:00:00/15.00:00:00|True|9|1
69|24-11-2022 00:00:00/11.00:00:00|True|9|2
70|17-12-2022 00:00:00/9.00:00:00|True|9|2
71|23-03-2023 00:00:00/2.00:00:00|True|9|1
72|20-10-2022 00:00:00/6.00:00:00|True|9|1
73|11-12-2022 00:00:00/9.00:00:00|True|9|2
74|15-12-2022 00:00:00/16.00:00:00|True|9|3
75|12-06-2023 00:00:00/15.00:00:00|True|9|1
76|05-06-2023 00:00:00/12.00:00:00|True|9|3
77|06-10-2022 00:00:00/13.00:00:00|True|9|3
78|18-07-2022 00:00:00/2.00:00:00|True|9|3
79|21-03-2023 00:00:00/17.00:00:00|True|9|1
80|02-01-2023 00:00:00/4.00:00:00|True|9|2
81|06-11-2022 00:00:00/18.00:00:00|True|9|2
82|19-08-2022 00:00:00/4.00:00:00|True|16|1
83|05-01-2023 00:00:00/2.00:00:00|True|16|2
84|18-12-2022 00:00:00/5.00:00:00|True|16|3
85|30-01-2023 00:00:00/7.00:00:00|True|16|1
86|12-10-2022 00:00:00/13.00:00:00|True|16|2
87|21-05-2023 00:00:00/7.00:00:00|True|16|3
88|03-07-2022 00:00:00/3.00:00:00|True|16|3
89|08-02-2023 00:00:00/11.00:00:00|True|16|2
90|06-07-2022 00:00:00/10.00:00:00|True|16|1
91|04-05-2023 00:00:00/18.00:00:00|True|16|2
92|18-09-2022 00:00:00/4.00:00:00|True|16|2
93|16-09-2022 00:00:00/11.00:00:00|True|16|3
94|24-11-2022 00:00:00/10.00:00:00|True|16|3
95|13-07-2022 00:00:00/16.00:00:00|True|16|1
96|14-11-2022 00:00:00/13.00:00:00|True|16|1
97|21-02-2023 00:00:00/5.00:00:00|True|16|1
98|31-08-2022 00:00:00/16.00:00:00|True|16|2
99|16-03-2023 00:00:00/3.00:00:00|True|16|2
100|05-10-2022 00:00:00/10.00:00:00|True|16|3
101|24-10-2022 00:00:00/6.00:00:00|True|16|1
102|01-01-2023 00:00:00/15.00:00:00|True|16|2
103|03-02-2023 00:00:00/5.00:00:00|True|16|3
104|26-08-2022 00:00:00/8.00:00:00|True|16|1
105|21-11-2022 00:00:00/5.00:00:00|True|16|2
106|12-07-2022 00:00:00/14.00:00:00|True|16|2
107|19-01-2023 00:00:00/8.00:00:00|True|16|1
108|15-01-2023 00:00:00/11.00:00:00|True|16|1
109|03-02-2023 00:00:00/4.00:00:00|True|16|3
110|08-10-2022 00:00:00/12.00:00:00|True|16|3
111|20-05-2023 00:00:00/15.00:00:00|True|16|3
112|08-07-2022 00:00:00/5.00:00:00|True|16|3
113|21-10-2022 00:00:00/11.00:00:00|True|16|2
114|24-08-2022 00:00:00/9.00:00:00|True|16|1
115|16-03-2023 00:00:00/15.00:00:00|True|16|3
116|28-07-2022 00:00:00/3.00:00:00|True|16|2
117|19-02-2023 00:00:00/12.00:00:00|True|16|2
118|21-01-2023 00:00:00/19.00:00:00|True|16|1
119|22-07-2022 00:00:00/16.00:00:00|True|16|2
120|27-07-2022 00:00:00/6.00:00:00|True|16|2
121|27-07-2022 00:00:00/9.00:00:00|True|16|2
122|20-03-2023 00:00:00/9.00:00:00|True|16|3
123|18-07-2022 00:00:00/18.00:00:00|True|16|2
124|19-05-2023 00:00:00/8.00:00:00|True|16|2
125|07-10-2022 00:00:00/11.00:00:00|True|16|1
126|28-10-2022 00:00:00/14.00:00:00|True|16|2
127|19-02-2023 00:00:00/9.00:00:00|True|16|1
128|19-02-2023 00:00:00/19.00:00:00|True|16|2
129|10-05-2023 00:00:00/15.00:00:00|True|16|3
130|08-05-2023 00:00:00/19.00:00:00|True|16|1
131|06-01-2023 00:00:00/5.00:00:00|True|16|3
132|21-09-2022 00:00:00/9.00:00:00|True|16|2
133|26-01-2023 00:00:00/10.00:00:00|True|16|1
134|02-10-2022 00:00:00/7.00:00:00|True|16|3
135|04-11-2022 00:00:00/7.00:00:00|True|16|3
136|02-11-2022 00:00:00/19.00:00:00|True|23|1
137|12-09-2022 00:00:00/18.00:00:00|True|23|2
138|29-08-2022 00:00:00/16.00:00:00|True|23|1
139|11-05-2023 00:00:00/6.00:00:00|True|23|1
140|06-12-2022 00:00:00/9.00:00:00|True|23|1
141|17-12-2022 00:00:00/14.00:00:00|True|23|2
142|02-06-2023 00:00:00/9.00:00:00|True|23|2
143|18-04-2023 00:00:00/18.00:00:00|True|23|2
144|10-01-2023 00:00:00/11.00:00:00|True|23|2
145|24-07-2022 00:00:00/18.00:00:00|True|23|1
146|18-04-2023 00:00:00/18.00:00:00|True|23|3
147|06-08-2022 00:00:00/6.00:00:00|True|23|3
148|24-01-2023 00:00:00/5.00:00:00|True|23|3
149|09-09-2022 00:00:00/16.00:00:00|True|23|3
150|21-01-2023 00:00:00/12.00:00:00|True|23|2
151|10-05-2023 00:00:00/13.00:00:00|True|23|3
152|16-03-2023 00:00:00/4.00:00:00|True|23|3
153|18-04-2023 00:00:00/3.00:00:00|True|23|2
154|30-08-2022 00:00:00/1.00:00:00|True|23|1
155|14-11-2022 00:00:00/11.00:00:00|True|28|3
156|10-05-2023 00:00:00/16.00:00:00|True|28|2
157|05-08-2022 00:00:00/8.00:00:00|True|28|1
158|02-02-2023 00:00:00/2.00:00:00|True|28|1
159|10-06-2023 00:00:00/17.00:00:00|True|28|3
160|21-11-2022 00:00:00/7.00:00:00|True|28|3
161|24-04-2023 00:00:00/10.00:00:00|True|28|1
162|15-01-2023 00:00:00/2.00:00:00|True|28|3
163|18-08-2022 00:00:00/5.00:00:00|True|28|2
164|06-08-2022 00:00:00/3.00:00:00|True|28|2
165|05-01-2023 00:00:00/14.00:00:00|True|28|1
166|23-02-2023 00:00:00/18.00:00:00|True|28|1
167|31-01-2023 00:00:00/3.00:00:00|True|28|3
168|13-03-2023 00:00:00/16.00:00:00|True|28|1
169|10-12-2022 00:00:00/17.00:00:00|True|28|1
170|30-01-2023 00:00:00/4.00:00:00|True|28|1
171|20-02-2023 00:00:00/18.00:00:00|True|28|3
172|17-04-2023 00:00:00/9.00:00:00|True|28|2
173|14-01-2023 00:00:00/14.00:00:00|True|28|1
174|11-11-2022 00:00:00/19.00:00:00|True|28|2
175|14-01-2023 00:00:00/15.00:00:00|True|28|2
176|16-09-2022 00:00:00/14.00:00:00|True|28|3
177|20-07-2022 00:00:00/18.00:00:00|True|28|1
178|11-10-2022 00:00:00/2.00:00:00|True|28|3
179|18-11-2022 00:00:00/1.00:00:00|True|28|1
180|27-05-2023 00:00:00/7.00:00:00|True|28|3
181|24-01-2023 00:00:00/2.00:00:00|True|28|2
182|12-04-2023 00:00:00/16.00:00:00|True|28|2
183|12-08-2022 00:00:00/3.00:00:00|True|28|2
184|20-02-2023 00:00:00/9.00:00:00|True|28|2
185|17-05-2023 00:00:00/4.00:00:00|True|28|2
186|29-05-2023 00:00:00/14.00:00:00|True|28|2
187|21-02-2023 00:00:00/8.00:00:00|True|28|3
188|11-09-2022 00:00:00/16.00:00:00|True|28|2
189|15-04-2023 00:00:00/15.00:00:00|True|28|3
190|15-07-2022 00:00:00/9.00:00:00|True|28|2
191|26-05-2023 00:00:00/8.00:00:00|True|31|1
192|19-07-2022 00:00:00/9.00:00:00|True|31|1
193|10-03-2023 00:00:00/6.00:00:00|True|31|2
194|17-08-2022 00:00:00/13.00:00:00|True|31|3
195|22-04-2023 00:00:00/17.00:00:00|True|31|2
196|19-09-2022 00:00:00/18.00:00:00|True|31|3
197|16-07-2022 00:00:00/2.00:00:00|True|31|3
198|10-02-2023 00:00:00/3.00:00:00|True|31|2
199|05-04-2023 00:00:00/3.00:00:00|True|31|3
200|07-01-2023 00:00:00/18.00:00:00|True|31|3
201|02-05-2023 00:00:00/9.00:00:00|True|31|1
202|15-01-2023 00:00:00/3.00:00:00|True|31|2
203|12-08-2022 00:00:00/16.00:00:00|True|31|2
204|13-04-2023 00:00:00/2.00:00:00|True|31|2
205|10-03-2023 00:00:00/5.00:00:00|True|31|1
206|03-03-2023 00:00:00/10.00:00:00|True|31|3
207|11-03-2023 00:00:00/12.00:00:00|True|31|3
208|14-11-2022 00:00:00/7.00:00:00|True|31|3
209|06-03-2023 00:00:00/2.00:00:00|True|31|2
210|04-03-2023 00:00:00/6.00:00:00|True|31|1
211|20-09-2022 00:00:00/4.00:00:00|True|31|2
212|01-12-2022 00:00:00/1.00:00:00|True|31|2
213|11-05-2023 00:00:00/4.00:00:00|True|31|3
214|22-07-2022 00:00:00/13.00:00:00|True|31|3
215|11-02-2023 00:00:00/4.00:00:00|True|31|2
216|24-02-2023 00:00:00/10.00:00:00|True|31|1
217|21-07-2022 00:00:00/12.00:00:00|True|34|3
218|07-10-2022 00:00:00/2.00:00:00|True|34|2
219|05-02-2023 00:00:00/6.00:00:00|True|34|2
220|24-08-2022 00:00:00/9.00:00:00|True|34|3
221|12-10-2022 00:00:00/18.00:00:00|True|34|3
222|08-08-2022 00:00:00/5.00:00:00|True|34|1
223|30-12-2022 00:00:00/3.00:00:00|True|34|3
224|08-07-2022 00:00:00/12.00:00:00|True|34|2
225|26-01-2023 00:00:00/10.00:00:00|True|34|2
226|22-08-2022 00:00:00/15.00:00:00|True|34|2
227|12-05-2023 00:00:00/16.00:00:00|True|34|3
228|02-12-2022 00:00:00/2.00:00:00|True|34|3
229|18-03-2023 00:00:00/7.00:00:00|True|34|2
230|19-05-2023 00:00:00/11.00:00:00|True|34|1
231|16-05-2023 00:00:00/4.00:00:00|True|34|2
232|01-01-2023 00:00:00/15.00:00:00|True|34|2
233|26-05-2023 00:00:00/11.00:00:00|True|34|1
234|26-08-2022 00:00:00/9.00:00:00|True|34|2
235|25-02-2023 00:00:00/1.00:00:00|True|34|3
236|18-11-2022 00:00:00/14.00:00:00|True|34|2
237|03-07-2022 00:00:00/11.00:00:00|True|34|1
238|29-07-2022 00:00:00/8.00:00:00|True|34|2
239|09-10-2022 00:00:00/5.00:00:00|True|34|1
240|02-09-2022 00:00:00/14.00:00:00|True|34|2
241|09-02-2023 00:00:00/12.00:00:00|True|34|1
242|14-01-2023 00:00:00/16.00:00:00|True|34|1
243|10-09-2022 00:00:00/5.00:00:00|True|34|3
244|21-11-2022 00:00:00/8.00:00:00|True|34|2
245|28-04-2023 00:00:00/6.00:00:00|True|34|3
246|16-03-2023 00:00:00/1.00:00:00|True|34|3
247|18-11-2022 00:00:00/19.00:00:00|True|34|2
248|05-10-2022 00:00:00/16.00:00:00|True|34|3
249|19-12-2022 00:00:00/13.00:00:00|True|34|2
250|16-05-2023 00:00:00/17.00:00:00|True|34|2
251|26-11-2022 00:00:00/19.00:00:00|True|34|1
252|27-08-2022 00:00:00/6.00:00:00|True|34|2
253|15-11-2022 00:00:00/5.00:00:00|True|34|1
254|25-07-2022 00:00:00/9.00:00:00|True|34|1
255|13-10-2022 00:00:00/12.00:00:00|True|34|2
256|12-11-2022 00:00:00/18.00:00:00|True|34|1
257|17-12-2022 00:00:00/3.00:00:00|True|34|1
258|11-04-2023 00:00:00/18.00:00:00|True|34|1
259|27-02-2023 00:00:00/19.00:00:00|True|34|2
260|28-11-2022 00:00:00/8.00:00:00|True|34|1
261|29-04-2023 00:00:00/11.00:00:00|True|34|3
262|02-03-2023 00:00:00/5.00:00:00|True|34|3
263|29-03-2023 00:00:00/3.00:00:00|True|34|3
264|18-01-2023 00:00:00/4.00:00:00|True|34|3
265|09-10-2022 00:00:00/8.00:00:00|True|34|1
266|24-02-2023 00:00:00/7.00:00:00|True|34|3
267|24-10-2022 00:00:00/9.00:00:00|True|34|3
268|09-04-2023 00:00:00/8.00:00:00|True|34|3
269|19-03-2023 00:00:00/13.00:00:00|True|34|1
270|02-11-2022 00:00:00/8.00:00:00|True|34|1
271|04-08-2022 00:00:00/4.00:00:00|True|34|1
272|19-04-2023 00:00:00/10.00:00:00|True|34|2
273|07-07-2022 00:00:00/18.00:00:00|True|34|1
274|24-08-2022 00:00:00/11.00:00:00|True|34|3
275|28-11-2022 00:00:00/6.00:00:00|True|34|1
276|24-08-2022 00:00:00/1.00:00:00|True|34|1
277|08-01-2023 00:00:00/6.00:00:00|True|34|1
278|15-04-2023 00:00:00/18.00:00:00|True|34|1
279|23-02-2023 00:00:00/7.00:00:00|True|34|1
280|13-06-2023 00:00:00/7.00:00:00|True|37|3
281|22-09-2022 00:00:00/17.00:00:00|True|37|1
282|30-12-2022 00:00:00/4.00:00:00|True|37|1
283|07-06-2023 00:00:00/10.00:00:00|True|37|3
284|04-12-2022 00:00:00/12.00:00:00|True|37|1
285|12-05-2023 00:00:00/4.00:00:00|True|37|1
286|29-01-2023 00:00:00/7.00:00:00|True|37|1
287|23-09-2022 00:00:00/5.00:00:00|True|37|2
288|11-07-2022 00:00:00/6.00:00:00|True|37|2
289|05-06-2023 00:00:00/9.00:00:00|True|37|2
290|17-03-2023 00:00:00/15.00:00:00|True|37|3
291|13-07-2022 00:00:00/19.00:00:00|True|37|3
292|26-11-2022 00:00:00/13.00:00:00|True|37|1
293|04-04-2023 00:00:00/9.00:00:00|True|37|2
294|20-09-2022 00:00:00/11.00:00:00|True|37|2
295|16-12-2022 00:00:00/16.00:00:00|True|37|3
296|20-02-2023 00:00:00/1.00:00:00|True|37|1
297|16-12-2022 00:00:00/15.00:00:00|True|37|1
298|20-10-2022 00:00:00/9.00:00:00|True|37|1
299|06-06-2023 00:00:00/11.00:00:00|True|37|3
300|20-02-2023 00:00:00/5.00:00:00|True|37|3
301|19-12-2022 00:00:00/9.00:00:00|True|37|2
302|26-12-2022 00:00:00/19.00:00:00|True|37|2
303|04-11-2022 00:00:00/3.00:00:00|True|37|1
304|15-08-2022 00:00:00/14.00:00:00|True|37|2
305|16-02-2023 00:00:00/12.00:00:00|True|37|2
306|12-02-2023 00:00:00/15.00:00:00|True|37|1
307|24-07-2022 00:00:00/10.00:00:00|True|37|1
308|24-01-2023 00:00:00/5.00:00:00|True|37|3
309|20-09-2022 00:00:00/8.00:00:00|True|37|3
310|30-10-2022 00:00:00/18.00:00:00|True|37|3
311|06-06-2023 00:00:00/17.00:00:00|True|37|1
312|26-12-2022 00:00:00/1.00:00:00|True|37|3
313|26-08-2022 00:00:00/4.00:00:00|True|37|3
314|04-05-2023 00:00:00/5.00:00:00|True|37|1
315|31-10-2022 00:00:00/10.00:00:00|True|37|1
316|09-08-2022 00:00:00/12.00:00:00|True|37|2
317|09-03-2023 00:00:00/1.00:00:00|True|40|3
318|22-10-2022 00:00:00/6.00:00:00|True|40|3
319|25-03-2023 00:00:00/3.00:00:00|True|40|2
320|26-03-2023 00:00:00/14.00:00:00|True|40|1
321|07-01-2023 00:00:00/12.00:00:00|True|40|1
322|24-05-2023 00:00:00/7.00:00:00|True|40|2
323|20-08-2022 00:00:00/13.00:00:00|True|40|3
324|28-08-2022 00:00:00/15.00:00:00|True|40|2
325|03-04-2023 00:00:00/16.00:00:00|True|40|1
326|06-03-2023 00:00:00/18.00:00:00|True|40|3
327|01-02-2023 00:00:00/10.00:00:00|True|40|2
328|31-10-2022 00:00:00/2.00:00:00|True|40|1
329|03-03-2023 00:00:00/5.00:00:00|True|40|1
330|29-08-2022 00:00:00/5.00:00:00|True|40|1
331|23-08-2022 00:00:00/17.00:00:00|True|40|3
332|12-03-2023 00:00:00/19.00:00:00|True|40|3
333|11-09-2022 00:00:00/19.00:00:00|True|40|2
334|23-12-2022 00:00:00/12.00:00:00|True|40|3
335|13-01-2023 00:00:00/11.00:00:00|True|40|3
336|28-04-2023 00:00:00/19.00:00:00|True|40|1
337|07-04-2023 00:00:00/11.00:00:00|True|40|3
338|25-10-2022 00:00:00/13.00:00:00|True|40|3
339|20-03-2023 00:00:00/19.00:00:00|True|40|1
340|22-01-2023 00:00:00/8.00:00:00|True|40|3
341|07-02-2023 00:00:00/10.00:00:00|True|40|1
342|02-08-2022 00:00:00/7.00:00:00|True|40|1
343|21-05-2023 00:00:00/5.00:00:00|True|40|1
344|12-09-2022 00:00:00/9.00:00:00|True|40|1
345|28-03-2023 00:00:00/10.00:00:00|True|40|3
346|22-02-2023 00:00:00/2.00:00:00|True|40|1
347|12-05-2023 00:00:00/16.00:00:00|True|40|1
348|02-04-2023 00:00:00/2.00:00:00|True|40|2
349|05-11-2022 00:00:00/8.00:00:00|True|40|2
350|11-09-2022 00:00:00/14.00:00:00|True|40|3
351|27-05-2023 00:00:00/5.00:00:00|True|40|1
352|22-05-2023 00:00:00/11.00:00:00|True|40|2
353|24-10-2022 00:00:00/1.00:00:00|True|40|1
354|13-02-2023 00:00:00/8.00:00:00|True|40|1
355|06-12-2022 00:00:00/11.00:00:00|True|40|1
356|16-11-2022 00:00:00/2.00:00:00|True|40|1
357|22-10-2022 00:00:00/15.00:00:00|True|40|3
358|04-02-2023 00:00:00/8.00:00:00|True|40|3
359|12-03-2023 00:00:00/14.00:00:00|True|43|1
360|09-06-2023 00:00:00/17.00:00:00|True|43|1
361|16-02-2023 00:00:00/19.00:00:00|True|43|2
362|23-03-2023 00:00:00/14.00:00:00|True|43|1
363|22-02-2023 00:00:00/8.00:00:00|True|43|3
364|07-10-2022 00:00:00/7.00:00:00|True|43|2
365|02-03-2023 00:00:00/3.00:00:00|True|43|2
366|16-12-2022 00:00:00/8.00:00:00|True|43|2
367|15-03-2023 00:00:00/1.00:00:00|True|43|2
368|26-03-2023 00:00:00/2.00:00:00|True|43|1
369|22-05-2023 00:00:00/16.00:00:00|True|43|1
370|20-07-2022 00:00:00/19.00:00:00|True|43|2
371|12-07-2022 00:00:00/1.00:00:00|True|43|3
372|10-06-2023 00:00:00/4.00:00:00|True|43|3
373|06-10-2022 00:00:00/10.00:00:00|True|43|2
374|12-07-2022 00:00:00/15.00:00:00|True|43|1
375|11-09-2022 00:00:00/2.00:00:00|True|43|1
376|15-05-2023 00:00:00/15.00:00:00|True|43|1
377|16-07-2022 00:00:00/7.00:00:00|True|43|3
378|01-06-2023 00:00:00/6.00:00:00|True|43|3
379|21-07-2022 00:00:00/3.00:00:00|True|43|2
380|04-11-2022 00:00:00/14.00:00:00|True|43|1
381|05-09-2022 00:00:00/15.00:00:00|True|43|3
382|06-11-2022 00:00:00/13.00:00:00|True|43|3
383|05-09-2022 00:00:00/8.00:00:00|True|1|3
384|22-08-2022 00:00:00/12.00:00:00|True|1|3
385|13-11-2022 00:00:00/16.00:00:00|True|1|1
386|18-05-2023 00:00:00/14.00:00:00|True|1|1
387|23-12-2022 00:00:00/7.00:00:00|True|1|1
388|04-10-2022 00:00:00/3.00:00:00|True|1|1
389|17-07-2022 00:00:00/19.00:00:00|True|1|1
390|02-09-2022 00:00:00/3.00:00:00|True|1|2
391|29-07-2022 00:00:00/16.00:00:00|True|1|3
392|17-09-2022 00:00:00/12.00:00:00|True|1|1
393|10-04-2023 00:00:00/16.00:00:00|True|1|2
394|07-09-2022 00:00:00/3.00:00:00|True|1|3
395|28-08-2022 00:00:00/8.00:00:00|True|1|2
396|19-11-2022 00:00:00/12.00:00:00|True|1|1
397|30-03-2023 00:00:00/3.00:00:00|True|1|3
398|11-06-2023 00:00:00/10.00:00:00|True|1|1
399|23-02-2023 00:00:00/19.00:00:00|True|1|1
400|01-11-2022 00:00:00/14.00:00:00|True|1|3
401|12-03-2023 00:00:00/3.00:00:00|True|1|2
402|06-02-2023 00:00:00/10.00:00:00|True|1|3
403|08-01-2023 00:00:00/13.00:00:00|True|1|1
404|04-12-2022 00:00:00/17.00:00:00|True|8|2
405|18-03-2023 00:00:00/5.00:00:00|True|8|3
406|22-12-2022 00:00:00/6.00:00:00|True|8|2
407|09-06-2023 00:00:00/7.00:00:00|True|8|3
408|08-03-2023 00:00:00/9.00:00:00|True|8|3
409|19-10-2022 00:00:00/15.00:00:00|True|8|2
410|02-08-2022 00:00:00/13.00:00:00|True|8|1
411|28-03-2023 00:00:00/10.00:00:00|True|8|1
412|01-03-2023 00:00:00/2.00:00:00|True|8|2
413|22-10-2022 00:00:00/2.00:00:00|True|8|1
414|23-11-2022 00:00:00/13.00:00:00|True|8|3
415|01-10-2022 00:00:00/3.00:00:00|True|8|1
416|23-04-2023 00:00:00/4.00:00:00|True|8|3
417|30-12-2022 00:00:00/7.00:00:00|True|8|2
418|05-08-2022 00:00:00/8.00:00:00|True|8|2
419|14-03-2023 00:00:00/14.00:00:00|True|8|2
420|27-08-2022 00:00:00/6.00:00:00|True|8|1
421|10-03-2023 00:00:00/11.00:00:00|True|8|1
422|23-12-2022 00:00:00/17.00:00:00|True|8|3
423|16-04-2023 00:00:00/13.00:00:00|True|8|3
424|13-06-2023 00:00:00/19.00:00:00|True|8|3
425|13-01-2023 00:00:00/10.00:00:00|True|8|1
426|15-11-2022 00:00:00/19.00:00:00|True|8|1
427|21-01-2023 00:00:00/9.00:00:00|True|8|1
428|07-07-2022 00:00:00/16.00:00:00|True|8|2
429|24-09-2022 00:00:00/12.00:00:00|True|8|2
430|18-02-2023 00:00:00/19.00:00:00|True|8|1
431|16-12-2022 00:00:00/19.00:00:00|True|8|3
432|07-06-2023 00:00:00/6.00:00:00|True|8|1
433|17-05-2023 00:00:00/18.00:00:00|True|8|1
434|22-12-2022 00:00:00/18.00:00:00|True|8|2
435|09-07-2022 00:00:00/14.00:00:00|True|8|3
436|09-09-2022 00:00:00/14.00:00:00|True|8|2
437|02-10-2022 00:00:00/9.00:00:00|True|8|3
438|22-09-2022 00:00:00/10.00:00:00|True|8|2
439|07-06-2023 00:00:00/16.00:00:00|True|8|2
440|13-09-2022 00:00:00/12.00:00:00|True|8|1
441|17-05-2023 00:00:00/17.00:00:00|True|8|2
442|20-04-2023 00:00:00/15.00:00:00|True|8|1
443|26-08-2022 00:00:00/8.00:00:00|True|8|1
444|05-11-2022 00:00:00/17.00:00:00|True|8|2
445|26-08-2022 00:00:00/9.00:00:00|True|8|3
446|11-02-2023 00:00:00/16.00:00:00|True|8|3
447|31-12-2022 00:00:00/11.00:00:00|True|8|1
448|28-07-2022 00:00:00/5.00:00:00|True|8|3
449|23-03-2023 00:00:00/1.00:00:00|True|8|3
450|20-09-2022 00:00:00/2.00:00:00|True|8|1
451|07-07-2022 00:00:00/9.00:00:00|True|8|1
452|18-05-2023 00:00:00/2.00:00:00|True|8|2
453|14-12-2022 00:00:00/3.00:00:00|True|8|2
454|06-04-2023 00:00:00/11.00:00:00|True|8|3
455|01-08-2022 00:00:00/3.00:00:00|True|8|1
456|19-11-2022 00:00:00/19.00:00:00|True|8|2
457|02-10-2022 00:00:00/3.00:00:00|True|8|2
458|31-10-2022 00:00:00/3.00:00:00|True|8|3
459|06-10-2022 00:00:00/5.00:00:00|True|8|3
460|17-07-2022 00:00:00/15.00:00:00|True|8|2
461|17-04-2023 00:00:00/2.00:00:00|True|8|3
462|28-03-2023 00:00:00/6.00:00:00|True|8|1
463|25-09-2022 00:00:00/1.00:00:00|True|8|1
464|28-08-2022 00:00:00/10.00:00:00|True|8|1
465|08-02-2023 00:00:00/6.00:00:00|True|9|3
466|10-02-2023 00:00:00/2.00:00:00|True|9|2
467|11-02-2023 00:00:00/19.00:00:00|True|9|1
468|19-07-2022 00:00:00/2.00:00:00|True|9|1
469|13-05-2023 00:00:00/7.00:00:00|True|9|2
470|05-02-2023 00:00:00/15.00:00:00|True|9|3
471|30-09-2022 00:00:00/7.00:00:00|True|9|1
472|04-09-2022 00:00:00/16.00:00:00|True|9|1
473|04-04-2023 00:00:00/8.00:00:00|True|9|2
474|22-11-2022 00:00:00/18.00:00:00|True|9|3
475|04-12-2022 00:00:00/5.00:00:00|True|9|2
476|19-09-2022 00:00:00/6.00:00:00|True|9|2
477|05-01-2023 00:00:00/15.00:00:00|True|9|2
478|19-01-2023 00:00:00/9.00:00:00|True|9|3
479|30-08-2022 00:00:00/6.00:00:00|True|9|1
480|01-03-2023 00:00:00/16.00:00:00|True|9|1
481|27-11-2022 00:00:00/14.00:00:00|True|9|1
482|16-03-2023 00:00:00/1.00:00:00|True|9|2
483|23-11-2022 00:00:00/5.00:00:00|True|9|1
484|09-12-2022 00:00:00/18.00:00:00|True|9|1
485|04-03-2023 00:00:00/4.00:00:00|True|9|3
486|12-07-2022 00:00:00/19.00:00:00|True|9|2
487|27-02-2023 00:00:00/3.00:00:00|True|16|3
488|15-04-2023 00:00:00/11.00:00:00|True|16|2
489|24-08-2022 00:00:00/9.00:00:00|True|16|2
490|20-07-2022 00:00:00/18.00:00:00|True|16|2
491|01-12-2022 00:00:00/13.00:00:00|True|16|3
492|05-12-2022 00:00:00/17.00:00:00|True|16|1
493|15-10-2022 00:00:00/7.00:00:00|True|16|3
494|04-03-2023 00:00:00/2.00:00:00|True|16|2
495|17-09-2022 00:00:00/8.00:00:00|True|16|2
496|27-08-2022 00:00:00/9.00:00:00|True|16|3
497|02-01-2023 00:00:00/8.00:00:00|True|16|3
498|18-08-2022 00:00:00/6.00:00:00|True|16|2
499|06-08-2022 00:00:00/4.00:00:00|True|16|1
500|25-01-2023 00:00:00/6.00:00:00|True|16|1
501|03-10-2022 00:00:00/13.00:00:00|True|16|2
502|07-11-2022 00:00:00/4.00:00:00|True|16|3
503|12-03-2023 00:00:00/10.00:00:00|True|16|1
504|16-02-2023 00:00:00/9.00:00:00|True|16|3
505|05-07-2022 00:00:00/16.00:00:00|True|16|2
506|01-04-2023 00:00:00/9.00:00:00|True|16|1
507|28-10-2022 00:00:00/5.00:00:00|True|16|1
508|11-07-2022 00:00:00/16.00:00:00|True|16|2
509|10-02-2023 00:00:00/11.00:00:00|True|16|1
510|05-09-2022 00:00:00/19.00:00:00|True|16|3
511|04-11-2022 00:00:00/19.00:00:00|True|16|1
512|08-07-2022 00:00:00/14.00:00:00|True|16|2
513|13-10-2022 00:00:00/1.00:00:00|True|16|1
514|12-07-2022 00:00:00/16.00:00:00|True|16|1
515|15-11-2022 00:00:00/8.00:00:00|True|16|2
516|21-08-2022 00:00:00/8.00:00:00|True|16|1
517|28-04-2023 00:00:00/4.00:00:00|True|16|3
518|25-08-2022 00:00:00/15.00:00:00|True|16|1
519|25-01-2023 00:00:00/6.00:00:00|True|23|3
520|16-12-2022 00:00:00/14.00:00:00|True|23|2
521|28-03-2023 00:00:00/12.00:00:00|True|23|1
522|07-04-2023 00:00:00/14.00:00:00|True|23|1
523|27-08-2022 00:00:00/12.00:00:00|True|23|1
524|17-11-2022 00:00:00/8.00:00:00|True|23|3
525|15-10-2022 00:00:00/16.00:00:00|True|23|1
526|14-11-2022 00:00:00/11.00:00:00|True|23|1
527|04-02-2023 00:00:00/18.00:00:00|True|28|1
528|19-09-2022 00:00:00/19.00:00:00|True|28|1
529|19-04-2023 00:00:00/12.00:00:00|True|28|3
530|16-03-2023 00:00:00/11.00:00:00|True|28|2
531|04-03-2023 00:00:00/17.00:00:00|True|28|3
532|16-01-2023 00:00:00/4.00:00:00|True|28|3
533|06-11-2022 00:00:00/7.00:00:00|True|28|2
534|07-04-2023 00:00:00/12.00:00:00|True|28|3
535|16-12-2022 00:00:00/1.00:00:00|True|28|2
536|28-07-2022 00:00:00/7.00:00:00|True|28|2
537|20-12-2022 00:00:00/14.00:00:00|True|28|1
538|16-07-2022 00:00:00/7.00:00:00|True|28|2
539|15-03-2023 00:00:00/9.00:00:00|True|28|3
540|27-01-2023 00:00:00/7.00:00:00|True|28|2
541|18-05-2023 00:00:00/5.00:00:00|True|28|1
542|17-03-2023 00:00:00/11.00:00:00|True|28|2
543|27-02-2023 00:00:00/1.00:00:00|True|28|2
544|24-01-2023 00:00:00/17.00:00:00|True|28|1
545|29-12-2022 00:00:00/11.00:00:00|True|28|1
546|25-02-2023 00:00:00/8.00:00:00|True|28|1
547|19-07-2022 00:00:00/7.00:00:00|True|28|3
548|30-04-2023 00:00:00/17.00:00:00|True|28|2
549|12-04-2023 00:00:00/15.00:00:00|True|28|1
550|25-03-2023 00:00:00/18.00:00:00|True|28|1
551|08-06-2023 00:00:00/14.00:00:00|True|28|2
552|15-08-2022 00:00:00/3.00:00:00|True|28|2
553|23-12-2022 00:00:00/2.00:00:00|True|28|1
554|30-10-2022 00:00:00/17.00:00:00|True|28|3
555|13-04-2023 00:00:00/4.00:00:00|True|28|1
556|09-09-2022 00:00:00/10.00:00:00|True|28|1
557|16-11-2022 00:00:00/2.00:00:00|True|28|3
558|31-03-2023 00:00:00/4.00:00:00|True|28|1
559|20-08-2022 00:00:00/12.00:00:00|True|28|2
560|13-06-2023 00:00:00/12.00:00:00|True|28|2
561|30-11-2022 00:00:00/1.00:00:00|True|28|2
562|12-07-2022 00:00:00/12.00:00:00|True|28|1
563|16-04-2023 00:00:00/14.00:00:00|True|28|1
564|17-08-2022 00:00:00/14.00:00:00|True|28|3
565|26-07-2022 00:00:00/14.00:00:00|True|28|3
566|04-03-2023 00:00:00/2.00:00:00|True|28|3
567|19-11-2022 00:00:00/12.00:00:00|True|28|2
568|02-06-2023 00:00:00/13.00:00:00|True|28|2
569|02-10-2022 00:00:00/9.00:00:00|True|28|1
570|29-01-2023 00:00:00/2.00:00:00|True|28|3
571|07-07-2022 00:00:00/9.00:00:00|True|28|2
572|01-03-2023 00:00:00/13.00:00:00|True|28|1
573|07-01-2023 00:00:00/17.00:00:00|True|28|3
574|10-04-2023 00:00:00/14.00:00:00|True|28|2
575|31-12-2022 00:00:00/2.00:00:00|True|28|1
576|27-03-2023 00:00:00/13.00:00:00|True|28|2
577|28-10-2022 00:00:00/4.00:00:00|True|31|3
578|22-09-2022 00:00:00/4.00:00:00|True|31|3
579|26-01-2023 00:00:00/16.00:00:00|True|31|1
580|04-06-2023 00:00:00/14.00:00:00|True|31|3
581|23-05-2023 00:00:00/1.00:00:00|True|31|2
582|07-07-2022 00:00:00/18.00:00:00|True|31|2
583|12-01-2023 00:00:00/13.00:00:00|True|31|3
584|23-11-2022 00:00:00/10.00:00:00|True|31|1
585|23-02-2023 00:00:00/9.00:00:00|True|31|3
586|07-01-2023 00:00:00/9.00:00:00|True|31|3
587|12-04-2023 00:00:00/5.00:00:00|True|31|3
588|30-08-2022 00:00:00/15.00:00:00|True|31|3
589|21-01-2023 00:00:00/13.00:00:00|True|31|3
590|30-07-2022 00:00:00/12.00:00:00|True|31|3
591|06-08-2022 00:00:00/6.00:00:00|True|31|2
592|07-10-2022 00:00:00/7.00:00:00|True|31|1
593|02-01-2023 00:00:00/8.00:00:00|True|31|1
594|12-06-2023 00:00:00/11.00:00:00|True|31|3
595|16-12-2022 00:00:00/17.00:00:00|True|31|1
596|10-07-2022 00:00:00/14.00:00:00|True|31|3
597|05-03-2023 00:00:00/7.00:00:00|True|31|2
598|14-07-2022 00:00:00/17.00:00:00|True|31|1
599|19-10-2022 00:00:00/14.00:00:00|True|31|2
600|15-09-2022 00:00:00/5.00:00:00|True|31|2
601|05-10-2022 00:00:00/12.00:00:00|True|31|1
602|23-02-2023 00:00:00/19.00:00:00|True|31|2
603|06-04-2023 00:00:00/1.00:00:00|True|31|3
604|24-04-2023 00:00:00/3.00:00:00|True|31|2
605|03-08-2022 00:00:00/4.00:00:00|True|34|2
606|30-11-2022 00:00:00/11.00:00:00|True|34|2
607|20-08-2022 00:00:00/16.00:00:00|True|34|3
608|12-03-2023 00:00:00/7.00:00:00|True|34|3
609|25-08-2022 00:00:00/11.00:00:00|True|34|3
610|21-09-2022 00:00:00/4.00:00:00|True|34|2
611|19-03-2023 00:00:00/15.00:00:00|True|34|1
612|13-07-2022 00:00:00/8.00:00:00|True|34|2
613|11-02-2023 00:00:00/13.00:00:00|True|34|3
614|28-09-2022 00:00:00/7.00:00:00|True|37|3
615|10-12-2022 00:00:00/7.00:00:00|True|37|2
616|04-01-2023 00:00:00/2.00:00:00|True|37|1
617|22-10-2022 00:00:00/7.00:00:00|True|37|2
618|30-07-2022 00:00:00/12.00:00:00|True|37|3
619|04-11-2022 00:00:00/15.00:00:00|True|37|1
620|28-07-2022 00:00:00/16.00:00:00|True|37|3
621|05-09-2022 00:00:00/15.00:00:00|True|37|3
622|29-10-2022 00:00:00/12.00:00:00|True|37|2
623|14-10-2022 00:00:00/13.00:00:00|True|37|1
624|25-09-2022 00:00:00/11.00:00:00|True|37|1
625|28-01-2023 00:00:00/9.00:00:00|True|37|3
626|09-05-2023 00:00:00/18.00:00:00|True|37|3
627|24-02-2023 00:00:00/5.00:00:00|True|37|2
628|05-12-2022 00:00:00/8.00:00:00|True|37|3
629|19-08-2022 00:00:00/18.00:00:00|True|37|1
630|02-06-2023 00:00:00/10.00:00:00|True|40|3
631|25-09-2022 00:00:00/2.00:00:00|True|40|2
632|15-11-2022 00:00:00/5.00:00:00|True|40|2
633|03-08-2022 00:00:00/12.00:00:00|True|40|1
634|27-05-2023 00:00:00/2.00:00:00|True|40|3
635|02-03-2023 00:00:00/7.00:00:00|True|40|2
636|10-11-2022 00:00:00/4.00:00:00|True|40|1
637|20-05-2023 00:00:00/8.00:00:00|True|40|1
638|22-02-2023 00:00:00/10.00:00:00|True|40|1
639|11-06-2023 00:00:00/11.00:00:00|True|40|2
640|25-11-2022 00:00:00/5.00:00:00|True|40|2
641|04-10-2022 00:00:00/2.00:00:00|True|40|3
642|21-04-2023 00:00:00/16.00:00:00|True|40|1
643|02-09-2022 00:00:00/18.00:00:00|True|40|3
644|21-12-2022 00:00:00/15.00:00:00|True|40|3
645|02-11-2022 00:00:00/16.00:00:00|True|40|2
646|11-02-2023 00:00:00/7.00:00:00|True|40|2
647|19-04-2023 00:00:00/3.00:00:00|True|40|2
648|22-05-2023 00:00:00/17.00:00:00|True|40|3
649|16-05-2023 00:00:00/14.00:00:00|True|40|3
650|29-03-2023 00:00:00/2.00:00:00|True|40|3
651|16-09-2022 00:00:00/2.00:00:00|True|40|2
652|13-01-2023 00:00:00/11.00:00:00|True|40|3
653|15-12-2022 00:00:00/11.00:00:00|True|40|3
654|14-09-2022 00:00:00/12.00:00:00|True|40|1
655|11-09-2022 00:00:00/11.00:00:00|True|40|1
656|26-12-2022 00:00:00/11.00:00:00|True|40|1
657|12-11-2022 00:00:00/14.00:00:00|True|40|1
658|29-03-2023 00:00:00/6.00:00:00|True|40|3
659|12-04-2023 00:00:00/8.00:00:00|True|40|2
660|09-09-2022 00:00:00/10.00:00:00|True|40|1
661|17-04-2023 00:00:00/12.00:00:00|True|40|3
662|30-08-2022 00:00:00/7.00:00:00|True|40|2
663|06-11-2022 00:00:00/15.00:00:00|True|40|2
664|06-06-2023 00:00:00/19.00:00:00|True|40|2
665|01-12-2022 00:00:00/18.00:00:00|True|40|1
666|03-12-2022 00:00:00/14.00:00:00|True|40|3
667|17-08-2022 00:00:00/1.00:00:00|True|40|3
668|18-07-2022 00:00:00/15.00:00:00|True|40|2
669|02-10-2022 00:00:00/17.00:00:00|True|40|2
670|29-03-2023 00:00:00/17.00:00:00|True|43|2
671|17-09-2022 00:00:00/15.00:00:00|True|43|2
672|31-10-2022 00:00:00/19.00:00:00|True|43|2
673|21-12-2022 00:00:00/1.00:00:00|True|43|2
674|27-10-2022 00:00:00/11.00:00:00|True|43|1
675|19-02-2023 00:00:00/3.00:00:00|True|43|2
676|16-10-2022 00:00:00/3.00:00:00|True|43|2
677|11-09-2022 00:00:00/2.00:00:00|True|43|2
678|07-08-2022 00:00:00/4.00:00:00|True|43|3
679|13-01-2023 00:00:00/15.00:00:00|True|43|3
680|04-04-2023 00:00:00/3.00:00:00|True|43|3
681|06-08-2022 00:00:00/7.00:00:00|True|43|2
682|04-08-2022 00:00:00/3.00:00:00|True|43|3
683|12-10-2022 00:00:00/5.00:00:00|True|43|2
684|09-01-2023 00:00:00/6.00:00:00|True|43|1
685|05-11-2022 00:00:00/10.00:00:00|True|43|3
686|05-11-2022 00:00:00/3.00:00:00|True|43|2
687|08-03-2023 00:00:00/15.00:00:00|True|43|3
688|05-12-2022 00:00:00/2.00:00:00|True|43|2
689|20-03-2023 00:00:00/17.00:00:00|True|43|2
690|03-03-2023 00:00:00/10.00:00:00|True|43|3
691|30-04-2023 00:00:00/12.00:00:00|True|43|1
692|05-11-2022 00:00:00/2.00:00:00|True|43|3
693|03-11-2022 00:00:00/14.00:00:00|True|43|1
694|26-09-2022 00:00:00/13.00:00:00|True|43|2
695|14-11-2022 00:00:00/8.00:00:00|True|43|2
696|14-06-2023 00:00:00/17.00:00:00|True|43|3
697|04-08-2022 00:00:00/16.00:00:00|True|43|1
698|05-06-2023 00:00:00/16.00:00:00|True|43|2
699|22-09-2022 00:00:00/15.00:00:00|True|43|1
700|09-07-2022 00:00:00/13.00:00:00|True|43|3
701|09-11-2022 00:00:00/2.00:00:00|True|43|1
702|11-07-2022 00:00:00/10.00:00:00|True|43|3
703|01-04-2023 00:00:00/6.00:00:00|True|43|1
704|02-09-2022 00:00:00/19.00:00:00|True|43|2
705|10-05-2023 00:00:00/2.00:00:00|True|43|3
706|01-03-2023 00:00:00/4.00:00:00|True|43|2
707|29-07-2022 00:00:00/5.00:00:00|True|43|2
708|09-02-2023 00:00:00/12.00:00:00|True|43|2
709|07-08-2022 00:00:00/7.00:00:00|True|43|1
710|18-11-2022 00:00:00/5.00:00:00|True|43|3
711|06-01-2023 00:00:00/10.00:00:00|True|43|3
712|30-09-2022 00:00:00/9.00:00:00|True|43|1
713|01-09-2022 00:00:00/16.00:00:00|True|43|1
714|20-01-2023 00:00:00/13.00:00:00|True|43|2
715|05-06-2023 00:00:00/10.00:00:00|True|43|2
716|23-03-2023 00:00:00/16.00:00:00|True|43|2
717|04-06-2023 00:00:00/1.00:00:00|True|43|3
718|08-09-2022 00:00:00/14.00:00:00|True|43|2
719|23-11-2022 00:00:00/2.00:00:00|True|43|2
720|11-11-2022 00:00:00/10.00:00:00|True|43|3
721|28-10-2022 00:00:00/11.00:00:00|True|43|2
722|13-02-2023 00:00:00/15.00:00:00|True|43|1
723|13-06-2023 00:00:00/18.00:00:00|True|43|1
724|06-11-2022 00:00:00/10.00:00:00|True|43|1
725|24-05-2023 00:00:00/3.00:00:00|True|43|3
726|15-04-2023 00:00:00/12.00:00:00|True|43|3
727|12-11-2022 00:00:00/5.00:00:00|True|43|2
728|31-03-2023 00:00:00/12.00:00:00|True|43|2
729|09-04-2023 00:00:00/9.00:00:00|True|43|2
730|13-03-2023 00:00:00/2.00:00:00|True|43|2
731|05-07-2022 00:00:00/17.00:00:00|True|43|3
732|30-10-2022 00:00:00/8.00:00:00|True|43|3
733|27-07-2022 00:00:00/1.00:00:00|True|43|2
734|19-05-2023 00:00:00/18.00:00:00|True|43|3
735|12-09-2022 00:00:00/14.00:00:00|True|43|1
736|01-07-2023 00:00:00/1.00:00:00|True|1|2
737|29-06-2023 00:00:00/1.00:00:00|True|1|1
738|30-06-2023 00:00:00/1.00:00:00|True|1|3
739|30-06-2023 00:00:00/2.00:00:00|True|1|2
740|01-07-2023 00:00:00/2.00:00:00|True|1|2
741|29-06-2023 00:00:00/2.00:00:00|True|1|1
742|30-06-2023 00:00:00/1.00:00:00|True|1|2
743|30-06-2023 00:00:00/1.00:00:00|True|8|1
744|29-06-2023 00:00:00/1.00:00:00|True|8|3
745|30-06-2023 00:00:00/2.00:00:00|True|8|1
746|01-07-2023 00:00:00/2.00:00:00|True|8|1
747|01-07-2023 00:00:00/1.00:00:00|True|8|3
748|30-06-2023 00:00:00/1.00:00:00|True|8|3
749|29-06-2023 00:00:00/2.00:00:00|True|8|1
750|29-06-2023 00:00:00/2.00:00:00|True|8|2
751|30-06-2023 00:00:00/2.00:00:00|True|8|3
752|01-07-2023 00:00:00/2.00:00:00|True|8|2
753|29-06-2023 00:00:00/2.00:00:00|True|8|1
754|29-06-2023 00:00:00/1.00:00:00|True|8|1
755|30-06-2023 00:00:00/2.00:00:00|True|8|1
756|30-06-2023 00:00:00/2.00:00:00|True|8|2
757|30-06-2023 00:00:00/1.00:00:00|True|8|3
758|29-06-2023 00:00:00/1.00:00:00|True|9|2
759|29-06-2023 00:00:00/1.00:00:00|True|9|1
760|01-07-2023 00:00:00/2.00:00:00|True|9|2
761|30-06-2023 00:00:00/1.00:00:00|True|9|1
762|01-07-2023 00:00:00/1.00:00:00|True|9|1
763|29-06-2023 00:00:00/2.00:00:00|True|9|2
764|30-06-2023 00:00:00/1.00:00:00|True|9|1
765|30-06-2023 00:00:00/2.00:00:00|True|16|1
766|01-07-2023 00:00:00/1.00:00:00|True|16|3
767|01-07-2023 00:00:00/2.00:00:00|True|16|3
768|01-07-2023 00:00:00/2.00:00:00|True|16|1
769|29-06-2023 00:00:00/2.00:00:00|True|16|2
770|01-07-2023 00:00:00/1.00:00:00|True|23|3
771|01-07-2023 00:00:00/2.00:00:00|True|23|2
772|01-07-2023 00:00:00/2.00:00:00|True|23|1
773|30-06-2023 00:00:00/1.00:00:00|True|23|3
774|29-06-2023 00:00:00/1.00:00:00|True|23|2
775|01-07-2023 00:00:00/2.00:00:00|True|23|2
776|30-06-2023 00:00:00/1.00:00:00|True|23|2
777|30-06-2023 00:00:00/2.00:00:00|True|23|3
778|30-06-2023 00:00:00/1.00:00:00|True|23|2
779|29-06-2023 00:00:00/1.00:00:00|True|23|2
780|01-07-2023 00:00:00/2.00:00:00|True|23|2
781|29-06-2023 00:00:00/1.00:00:00|True|23|3
782|29-06-2023 00:00:00/1.00:00:00|True|23|2
783|01-07-2023 00:00:00/2.00:00:00|True|23|1
784|29-06-2023 00:00:00/2.00:00:00|True|28|3
785|01-07-2023 00:00:00/2.00:00:00|True|28|3
786|30-06-2023 00:00:00/2.00:00:00|True|28|1
787|29-06-2023 00:00:00/2.00:00:00|True|28|1
788|30-06-2023 00:00:00/1.00:00:00|True|28|1
789|29-06-2023 00:00:00/2.00:00:00|True|28|1
790|30-06-2023 00:00:00/2.00:00:00|True|28|1
791|01-07-2023 00:00:00/2.00:00:00|True|28|2
792|30-06-2023 00:00:00/1.00:00:00|True|28|1
793|30-06-2023 00:00:00/2.00:00:00|True|28|1
794|29-06-2023 00:00:00/1.00:00:00|True|31|1
795|30-06-2023 00:00:00/1.00:00:00|True|31|1
796|29-06-2023 00:00:00/1.00:00:00|True|31|2
797|30-06-2023 00:00:00/1.00:00:00|True|31|2
798|30-06-2023 00:00:00/1.00:00:00|True|31|1
799|30-06-2023 00:00:00/2.00:00:00|True|31|2
800|30-06-2023 00:00:00/1.00:00:00|True|31|3
801|29-06-2023 00:00:00/2.00:00:00|True|31|2
802|01-07-2023 00:00:00/2.00:00:00|True|31|3
803|30-06-2023 00:00:00/2.00:00:00|True|31|1
804|29-06-2023 00:00:00/2.00:00:00|True|31|3
805|01-07-2023 00:00:00/1.00:00:00|True|31|2
806|29-06-2023 00:00:00/1.00:00:00|True|31|1
807|30-06-2023 00:00:00/1.00:00:00|True|31|1
808|30-06-2023 00:00:00/2.00:00:00|True|31|3
809|30-06-2023 00:00:00/2.00:00:00|True|31|1
810|01-07-2023 00:00:00/2.00:00:00|True|31|1
811|30-06-2023 00:00:00/1.00:00:00|True|31|1
812|01-07-2023 00:00:00/2.00:00:00|True|31|1
813|30-06-2023 00:00:00/2.00:00:00|True|34|1
814|01-07-2023 00:00:00/1.00:00:00|True|34|2
815|30-06-2023 00:00:00/2.00:00:00|True|34|3
816|30-06-2023 00:00:00/2.00:00:00|True|34|1
817|29-06-2023 00:00:00/1.00:00:00|True|34|1
818|01-07-2023 00:00:00/1.00:00:00|True|34|1
819|30-06-2023 00:00:00/2.00:00:00|True|34|2
820|29-06-2023 00:00:00/2.00:00:00|True|34|3
821|01-07-2023 00:00:00/2.00:00:00|True|34|2
822|29-06-2023 00:00:00/1.00:00:00|True|34|1
823|01-07-2023 00:00:00/1.00:00:00|True|34|3
824|29-06-2023 00:00:00/1.00:00:00|True|34|2
825|01-07-2023 00:00:00/1.00:00:00|True|34|1
826|29-06-2023 00:00:00/2.00:00:00|True|34|1
827|30-06-2023 00:00:00/1.00:00:00|True|34|1
828|29-06-2023 00:00:00/2.00:00:00|True|34|2
829|01-07-2023 00:00:00/1.00:00:00|True|37|1
830|01-07-2023 00:00:00/2.00:00:00|True|37|3
831|01-07-2023 00:00:00/1.00:00:00|True|37|2
832|30-06-2023 00:00:00/2.00:00:00|True|37|3
833|30-06-2023 00:00:00/1.00:00:00|True|37|2
834|29-06-2023 00:00:00/1.00:00:00|True|37|1
835|29-06-2023 00:00:00/1.00:00:00|True|37|3
836|29-06-2023 00:00:00/1.00:00:00|True|37|2
837|29-06-2023 00:00:00/1.00:00:00|True|40|2
838|29-06-2023 00:00:00/1.00:00:00|True|40|3
839|01-07-2023 00:00:00/1.00:00:00|True|40|3
840|01-07-2023 00:00:00/1.00:00:00|True|40|2
841|29-06-2023 00:00:00/2.00:00:00|True|40|1
842|29-06-2023 00:00:00/2.00:00:00|True|40|3
843|29-06-2023 00:00:00/1.00:00:00|True|40|3
844|29-06-2023 00:00:00/1.00:00:00|True|40|2
845|01-07-2023 00:00:00/1.00:00:00|True|43|1
846|30-06-2023 00:00:00/1.00:00:00|True|43|1
847|29-06-2023 00:00:00/1.00:00:00|True|43|1
848|30-06-2023 00:00:00/2.00:00:00|True|43|1
849|29-06-2023 00:00:00/1.00:00:00|True|43|2
850|30-06-2023 00:00:00/2.00:00:00|True|43|3
851|01-07-2023 00:00:00/1.00:00:00|True|43|2
852|30-06-2023 00:00:00/2.00:00:00|True|43|3
853|30-06-2023 00:00:00/1.00:00:00|True|43|1
854|01-07-2023 00:00:00/2.00:00:00|True|43|1
855|01-07-2023 00:00:00/1.00:00:00|True|1|3
856|29-06-2023 00:00:00/1.00:00:00|True|1|1
857|30-06-2023 00:00:00/1.00:00:00|True|1|1
858|29-06-2023 00:00:00/1.00:00:00|True|1|1
859|29-06-2023 00:00:00/2.00:00:00|True|1|1
860|30-06-2023 00:00:00/1.00:00:00|True|1|2
861|30-06-2023 00:00:00/1.00:00:00|True|1|1
862|29-06-2023 00:00:00/1.00:00:00|True|1|3
863|01-07-2023 00:00:00/2.00:00:00|True|1|2
864|29-06-2023 00:00:00/1.00:00:00|True|1|1
865|01-07-2023 00:00:00/2.00:00:00|True|1|1
866|29-06-2023 00:00:00/2.00:00:00|True|1|3
867|01-07-2023 00:00:00/1.00:00:00|True|8|2
868|01-07-2023 00:00:00/2.00:00:00|True|8|2
869|29-06-2023 00:00:00/2.00:00:00|True|8|3
870|29-06-2023 00:00:00/2.00:00:00|True|8|2
871|30-06-2023 00:00:00/1.00:00:00|True|8|2
872|30-06-2023 00:00:00/1.00:00:00|True|8|1
873|01-07-2023 00:00:00/2.00:00:00|True|9|1
874|01-07-2023 00:00:00/1.00:00:00|True|9|1
875|01-07-2023 00:00:00/2.00:00:00|True|9|3
876|30-06-2023 00:00:00/1.00:00:00|True|9|1
877|29-06-2023 00:00:00/2.00:00:00|True|9|1
878|29-06-2023 00:00:00/1.00:00:00|True|9|3
879|30-06-2023 00:00:00/2.00:00:00|True|9|2
880|29-06-2023 00:00:00/2.00:00:00|True|9|2
881|01-07-2023 00:00:00/1.00:00:00|True|16|1
882|30-06-2023 00:00:00/2.00:00:00|True|16|1
883|30-06-2023 00:00:00/2.00:00:00|True|16|2
884|29-06-2023 00:00:00/2.00:00:00|True|16|3
885|29-06-2023 00:00:00/1.00:00:00|True|16|1
886|01-07-2023 00:00:00/1.00:00:00|True|16|3
887|30-06-2023 00:00:00/2.00:00:00|True|16|2
888|01-07-2023 00:00:00/1.00:00:00|True|16|1
889|29-06-2023 00:00:00/1.00:00:00|True|16|2
890|01-07-2023 00:00:00/2.00:00:00|True|16|1
891|29-06-2023 00:00:00/1.00:00:00|True|16|3
892|29-06-2023 00:00:00/1.00:00:00|True|16|3
893|29-06-2023 00:00:00/2.00:00:00|True|16|3
894|29-06-2023 00:00:00/1.00:00:00|True|23|1
895|29-06-2023 00:00:00/1.00:00:00|True|23|2
896|30-06-2023 00:00:00/2.00:00:00|True|23|2
897|30-06-2023 00:00:00/1.00:00:00|True|23|1
898|01-07-2023 00:00:00/1.00:00:00|True|23|3
899|30-06-2023 00:00:00/1.00:00:00|True|23|3
900|30-06-2023 00:00:00/1.00:00:00|True|28|1
901|01-07-2023 00:00:00/2.00:00:00|True|28|3
902|01-07-2023 00:00:00/1.00:00:00|True|28|1
903|01-07-2023 00:00:00/1.00:00:00|True|28|2
904|30-06-2023 00:00:00/2.00:00:00|True|28|1
905|01-07-2023 00:00:00/2.00:00:00|True|28|2
906|30-06-2023 00:00:00/2.00:00:00|True|28|1
907|01-07-2023 00:00:00/1.00:00:00|True|28|1
908|30-06-2023 00:00:00/2.00:00:00|True|31|1
909|01-07-2023 00:00:00/1.00:00:00|True|31|2
910|01-07-2023 00:00:00/2.00:00:00|True|31|1
911|30-06-2023 00:00:00/1.00:00:00|True|31|3
912|01-07-2023 00:00:00/1.00:00:00|True|31|3
913|30-06-2023 00:00:00/2.00:00:00|True|31|1
914|30-06-2023 00:00:00/2.00:00:00|True|34|2
915|29-06-2023 00:00:00/2.00:00:00|True|34|3
916|30-06-2023 00:00:00/2.00:00:00|True|34|3
917|30-06-2023 00:00:00/1.00:00:00|True|34|1
918|01-07-2023 00:00:00/2.00:00:00|True|34|2
919|30-06-2023 00:00:00/1.00:00:00|True|34|2
920|30-06-2023 00:00:00/1.00:00:00|True|34|2
921|30-06-2023 00:00:00/2.00:00:00|True|34|1
922|29-06-2023 00:00:00/1.00:00:00|True|34|1
923|01-07-2023 00:00:00/1.00:00:00|True|34|2
924|30-06-2023 00:00:00/2.00:00:00|True|37|3
925|29-06-2023 00:00:00/1.00:00:00|True|37|3
926|30-06-2023 00:00:00/1.00:00:00|True|37|2
927|01-07-2023 00:00:00/1.00:00:00|True|37|3
928|29-06-2023 00:00:00/2.00:00:00|True|37|2
929|29-06-2023 00:00:00/1.00:00:00|True|37|3
930|01-07-2023 00:00:00/1.00:00:00|True|37|2
931|30-06-2023 00:00:00/2.00:00:00|True|37|2
932|01-07-2023 00:00:00/2.00:00:00|True|37|3
933|29-06-2023 00:00:00/2.00:00:00|True|37|1
934|30-06-2023 00:00:00/2.00:00:00|True|37|3
935|29-06-2023 00:00:00/1.00:00:00|True|37|2
936|30-06-2023 00:00:00/1.00:00:00|True|37|2
937|29-06-2023 00:00:00/1.00:00:00|True|37|2
938|29-06-2023 00:00:00/2.00:00:00|True|37|3
939|01-07-2023 00:00:00/1.00:00:00|True|40|2
940|29-06-2023 00:00:00/1.00:00:00|True|40|2
941|01-07-2023 00:00:00/1.00:00:00|True|40|1
942|29-06-2023 00:00:00/2.00:00:00|True|40|2
943|30-06-2023 00:00:00/2.00:00:00|True|40|1
944|29-06-2023 00:00:00/1.00:00:00|True|40|3
945|30-06-2023 00:00:00/2.00:00:00|True|40|3
946|30-06-2023 00:00:00/1.00:00:00|True|40|3
947|30-06-2023 00:00:00/2.00:00:00|True|40|2
948|01-07-2023 00:00:00/1.00:00:00|True|40|2
949|01-07-2023 00:00:00/1.00:00:00|True|40|3
950|30-06-2023 00:00:00/1.00:00:00|True|43|3
951|01-07-2023 00:00:00/2.00:00:00|True|43|2
952|01-07-2023 00:00:00/1.00:00:00|True|43|3
953|01-07-2023 00:00:00/1.00:00:00|True|43|2
954|30-06-2023 00:00:00/2.00:00:00|True|43|1
955|29-06-2023 00:00:00/1.00:00:00|True|43|2
956|19-06-2023 00:00:00/2.00:00:00|True|1|3
957|20-06-2023 00:00:00/1.00:00:00|True|1|1
958|22-06-2023 00:00:00/3.00:00:00|True|1|1
959|16-06-2023 00:00:00/1.00:00:00|True|1|2
960|18-06-2023 00:00:00/4.00:00:00|True|1|3
961|14-06-2023 00:00:00/1.00:00:00|True|1|1
962|10-06-2023 00:00:00/1.00:00:00|True|1|2
963|08-06-2023 00:00:00/5.00:00:00|True|1|3
964|08-06-2023 00:00:00/3.00:00:00|True|1|1
965|06-06-2023 00:00:00/4.00:00:00|True|1|2
966|27-06-2023 00:00:00/3.00:00:00|True|1|2
967|09-06-2023 00:00:00/3.00:00:00|True|1|1
968|10-06-2023 00:00:00/1.00:00:00|True|1|3
969|12-06-2023 00:00:00/4.00:00:00|True|1|3
970|27-06-2023 00:00:00/1.00:00:00|True|1|3
971|17-06-2023 00:00:00/2.00:00:00|True|1|1
972|11-06-2023 00:00:00/2.00:00:00|True|1|3
973|20-06-2023 00:00:00/4.00:00:00|True|1|1
974|28-06-2023 00:00:00/4.00:00:00|True|1|3
975|09-06-2023 00:00:00/1.00:00:00|True|1|2
976|10-06-2023 00:00:00/5.00:00:00|True|1|2
977|12-06-2023 00:00:00/4.00:00:00|True|1|1
978|20-06-2023 00:00:00/4.00:00:00|True|1|1
979|14-06-2023 00:00:00/4.00:00:00|True|1|3
980|27-06-2023 00:00:00/4.00:00:00|True|1|1
981|14-06-2023 00:00:00/3.00:00:00|True|1|3
982|26-06-2023 00:00:00/3.00:00:00|True|1|2
983|07-06-2023 00:00:00/3.00:00:00|True|1|3
984|08-06-2023 00:00:00/4.00:00:00|True|1|1
985|27-06-2023 00:00:00/2.00:00:00|True|1|3
986|16-06-2023 00:00:00/2.00:00:00|True|1|1
987|16-06-2023 00:00:00/1.00:00:00|True|1|3
988|09-06-2023 00:00:00/2.00:00:00|True|8|2
989|06-06-2023 00:00:00/3.00:00:00|True|8|3
990|27-06-2023 00:00:00/3.00:00:00|True|8|3
991|11-06-2023 00:00:00/5.00:00:00|True|8|1
992|27-06-2023 00:00:00/4.00:00:00|True|8|3
993|07-06-2023 00:00:00/2.00:00:00|True|8|1
994|14-06-2023 00:00:00/3.00:00:00|True|8|2
995|27-06-2023 00:00:00/3.00:00:00|True|8|1
996|23-06-2023 00:00:00/5.00:00:00|True|8|2
997|26-06-2023 00:00:00/1.00:00:00|True|8|3
998|20-06-2023 00:00:00/4.00:00:00|True|8|1
999|25-06-2023 00:00:00/1.00:00:00|True|8|2
1000|18-06-2023 00:00:00/2.00:00:00|True|8|3
1001|17-06-2023 00:00:00/3.00:00:00|True|8|3
1002|06-06-2023 00:00:00/4.00:00:00|True|8|3
1003|07-06-2023 00:00:00/2.00:00:00|True|8|3
1004|12-06-2023 00:00:00/1.00:00:00|True|8|2
1005|21-06-2023 00:00:00/5.00:00:00|True|8|1
1006|12-06-2023 00:00:00/2.00:00:00|True|8|2
1007|21-06-2023 00:00:00/1.00:00:00|True|8|2
1008|14-06-2023 00:00:00/1.00:00:00|True|9|2
1009|16-06-2023 00:00:00/5.00:00:00|True|9|2
1010|13-06-2023 00:00:00/1.00:00:00|True|9|2
1011|13-06-2023 00:00:00/2.00:00:00|True|9|3
1012|22-06-2023 00:00:00/3.00:00:00|True|9|1
1013|25-06-2023 00:00:00/5.00:00:00|True|9|3
1014|23-06-2023 00:00:00/3.00:00:00|True|9|1
1015|19-06-2023 00:00:00/3.00:00:00|True|9|1
1016|25-06-2023 00:00:00/3.00:00:00|True|9|1
1017|10-06-2023 00:00:00/1.00:00:00|True|9|3
1018|19-06-2023 00:00:00/3.00:00:00|True|9|3
1019|10-06-2023 00:00:00/3.00:00:00|True|9|3
1020|07-06-2023 00:00:00/1.00:00:00|True|9|2
1021|12-06-2023 00:00:00/2.00:00:00|True|9|2
1022|24-06-2023 00:00:00/5.00:00:00|True|9|1
1023|19-06-2023 00:00:00/3.00:00:00|True|9|2
1024|21-06-2023 00:00:00/3.00:00:00|True|9|2
1025|17-06-2023 00:00:00/1.00:00:00|True|9|2
1026|17-06-2023 00:00:00/3.00:00:00|True|9|2
1027|25-06-2023 00:00:00/1.00:00:00|True|9|3
1028|28-06-2023 00:00:00/1.00:00:00|True|9|3
1029|15-06-2023 00:00:00/2.00:00:00|True|9|3
1030|07-06-2023 00:00:00/3.00:00:00|True|9|3
1031|16-06-2023 00:00:00/4.00:00:00|True|9|2
1032|16-06-2023 00:00:00/2.00:00:00|True|9|3
1033|23-06-2023 00:00:00/5.00:00:00|True|9|3
1034|19-06-2023 00:00:00/4.00:00:00|True|9|1
1035|10-06-2023 00:00:00/2.00:00:00|True|9|1
1036|20-06-2023 00:00:00/3.00:00:00|True|9|2
1037|27-06-2023 00:00:00/4.00:00:00|True|9|2
1038|15-06-2023 00:00:00/1.00:00:00|True|9|1
1039|17-06-2023 00:00:00/2.00:00:00|True|9|2
1040|26-06-2023 00:00:00/2.00:00:00|True|9|2
1041|26-06-2023 00:00:00/4.00:00:00|True|9|2
1042|23-06-2023 00:00:00/2.00:00:00|True|9|2
1043|15-06-2023 00:00:00/2.00:00:00|True|9|2
1044|23-06-2023 00:00:00/4.00:00:00|True|16|2
1045|12-06-2023 00:00:00/4.00:00:00|True|16|3
1046|23-06-2023 00:00:00/3.00:00:00|True|16|3
1047|19-06-2023 00:00:00/3.00:00:00|True|16|1
1048|14-06-2023 00:00:00/5.00:00:00|True|16|3
1049|06-06-2023 00:00:00/1.00:00:00|True|16|1
1050|09-06-2023 00:00:00/4.00:00:00|True|16|3
1051|24-06-2023 00:00:00/2.00:00:00|True|16|3
1052|10-06-2023 00:00:00/1.00:00:00|True|16|3
1053|18-06-2023 00:00:00/5.00:00:00|True|16|2
1054|21-06-2023 00:00:00/1.00:00:00|True|16|3
1055|09-06-2023 00:00:00/1.00:00:00|True|16|1
1056|14-06-2023 00:00:00/4.00:00:00|True|16|1
1057|07-06-2023 00:00:00/2.00:00:00|True|23|2
1058|11-06-2023 00:00:00/5.00:00:00|True|23|2
1059|14-06-2023 00:00:00/1.00:00:00|True|23|3
1060|24-06-2023 00:00:00/2.00:00:00|True|23|1
1061|17-06-2023 00:00:00/2.00:00:00|True|23|3
1062|14-06-2023 00:00:00/5.00:00:00|True|23|1
1063|23-06-2023 00:00:00/1.00:00:00|True|23|2
1064|09-06-2023 00:00:00/3.00:00:00|True|23|2
1065|08-06-2023 00:00:00/4.00:00:00|True|23|2
1066|24-06-2023 00:00:00/4.00:00:00|True|23|3
1067|27-06-2023 00:00:00/2.00:00:00|True|23|1
1068|28-06-2023 00:00:00/5.00:00:00|True|23|3
1069|13-06-2023 00:00:00/2.00:00:00|True|23|2
1070|08-06-2023 00:00:00/4.00:00:00|True|28|3
1071|16-06-2023 00:00:00/2.00:00:00|True|28|1
1072|12-06-2023 00:00:00/3.00:00:00|True|28|3
1073|26-06-2023 00:00:00/1.00:00:00|True|28|2
1074|18-06-2023 00:00:00/4.00:00:00|True|28|2
1075|25-06-2023 00:00:00/5.00:00:00|True|28|3
1076|20-06-2023 00:00:00/3.00:00:00|True|28|2
1077|27-06-2023 00:00:00/3.00:00:00|True|28|3
1078|15-06-2023 00:00:00/5.00:00:00|True|28|2
1079|09-06-2023 00:00:00/2.00:00:00|True|28|1
1080|12-06-2023 00:00:00/4.00:00:00|True|28|2
1081|08-06-2023 00:00:00/5.00:00:00|True|28|3
1082|16-06-2023 00:00:00/2.00:00:00|True|28|3
1083|25-06-2023 00:00:00/1.00:00:00|True|28|2
1084|15-06-2023 00:00:00/2.00:00:00|True|28|3
1085|28-06-2023 00:00:00/2.00:00:00|True|28|3
1086|20-06-2023 00:00:00/5.00:00:00|True|28|1
1087|09-06-2023 00:00:00/3.00:00:00|True|28|3
1088|18-06-2023 00:00:00/2.00:00:00|True|28|2
1089|16-06-2023 00:00:00/4.00:00:00|True|28|1
1090|23-06-2023 00:00:00/3.00:00:00|True|28|1
1091|26-06-2023 00:00:00/5.00:00:00|True|28|1
1092|15-06-2023 00:00:00/2.00:00:00|True|28|3
1093|24-06-2023 00:00:00/1.00:00:00|True|28|1
1094|15-06-2023 00:00:00/3.00:00:00|True|28|2
1095|25-06-2023 00:00:00/2.00:00:00|True|28|3
1096|08-06-2023 00:00:00/3.00:00:00|True|28|3
1097|17-06-2023 00:00:00/4.00:00:00|True|28|1
1098|16-06-2023 00:00:00/3.00:00:00|True|28|1
1099|24-06-2023 00:00:00/3.00:00:00|True|28|2
1100|15-06-2023 00:00:00/2.00:00:00|True|28|3
1101|23-06-2023 00:00:00/4.00:00:00|True|28|3
1102|08-06-2023 00:00:00/5.00:00:00|True|28|2
1103|16-06-2023 00:00:00/2.00:00:00|True|28|1
1104|19-06-2023 00:00:00/5.00:00:00|True|31|3
1105|28-06-2023 00:00:00/5.00:00:00|True|31|2
1106|12-06-2023 00:00:00/4.00:00:00|True|31|2
1107|22-06-2023 00:00:00/2.00:00:00|True|31|1
1108|21-06-2023 00:00:00/3.00:00:00|True|31|1
1109|25-06-2023 00:00:00/3.00:00:00|True|31|1
1110|09-06-2023 00:00:00/4.00:00:00|True|31|2
1111|06-06-2023 00:00:00/4.00:00:00|True|31|3
1112|25-06-2023 00:00:00/4.00:00:00|True|31|1
1113|23-06-2023 00:00:00/5.00:00:00|True|31|2
1114|11-06-2023 00:00:00/1.00:00:00|True|31|3
1115|06-06-2023 00:00:00/2.00:00:00|True|31|1
1116|06-06-2023 00:00:00/4.00:00:00|True|31|3
1117|13-06-2023 00:00:00/4.00:00:00|True|31|3
1118|09-06-2023 00:00:00/4.00:00:00|True|31|3
1119|18-06-2023 00:00:00/2.00:00:00|True|31|1
1120|26-06-2023 00:00:00/2.00:00:00|True|31|3
1121|26-06-2023 00:00:00/3.00:00:00|True|31|2
1122|09-06-2023 00:00:00/2.00:00:00|True|31|3
1123|20-06-2023 00:00:00/5.00:00:00|True|31|1
1124|07-06-2023 00:00:00/1.00:00:00|True|34|1
1125|28-06-2023 00:00:00/2.00:00:00|True|34|3
1126|26-06-2023 00:00:00/5.00:00:00|True|34|3
1127|21-06-2023 00:00:00/4.00:00:00|True|34|1
1128|19-06-2023 00:00:00/5.00:00:00|True|34|1
1129|17-06-2023 00:00:00/3.00:00:00|True|34|2
1130|06-06-2023 00:00:00/4.00:00:00|True|34|3
1131|06-06-2023 00:00:00/3.00:00:00|True|34|3
1132|14-06-2023 00:00:00/5.00:00:00|True|34|2
1133|11-06-2023 00:00:00/2.00:00:00|True|34|1
1134|27-06-2023 00:00:00/4.00:00:00|True|34|3
1135|20-06-2023 00:00:00/3.00:00:00|True|34|2
1136|07-06-2023 00:00:00/4.00:00:00|True|34|2
1137|12-06-2023 00:00:00/2.00:00:00|True|37|2
1138|07-06-2023 00:00:00/5.00:00:00|True|37|2
1139|15-06-2023 00:00:00/2.00:00:00|True|37|3
1140|28-06-2023 00:00:00/3.00:00:00|True|37|3
1141|13-06-2023 00:00:00/5.00:00:00|True|37|3
1142|07-06-2023 00:00:00/2.00:00:00|True|37|2
1143|22-06-2023 00:00:00/3.00:00:00|True|37|1
1144|18-06-2023 00:00:00/3.00:00:00|True|37|1
1145|12-06-2023 00:00:00/2.00:00:00|True|37|1
1146|15-06-2023 00:00:00/2.00:00:00|True|37|1
1147|08-06-2023 00:00:00/2.00:00:00|True|37|3
1148|17-06-2023 00:00:00/3.00:00:00|True|37|2
1149|12-06-2023 00:00:00/2.00:00:00|True|37|2
1150|26-06-2023 00:00:00/5.00:00:00|True|37|2
1151|23-06-2023 00:00:00/1.00:00:00|True|37|3
1152|11-06-2023 00:00:00/4.00:00:00|True|37|1
1153|17-06-2023 00:00:00/4.00:00:00|True|37|3
1154|14-06-2023 00:00:00/3.00:00:00|True|37|3
1155|24-06-2023 00:00:00/1.00:00:00|True|37|2
1156|20-06-2023 00:00:00/2.00:00:00|True|37|1
1157|25-06-2023 00:00:00/4.00:00:00|True|37|1
1158|09-06-2023 00:00:00/4.00:00:00|True|37|1
1159|08-06-2023 00:00:00/4.00:00:00|True|37|3
1160|26-06-2023 00:00:00/3.00:00:00|True|37|3
1161|07-06-2023 00:00:00/4.00:00:00|True|40|2
1162|21-06-2023 00:00:00/4.00:00:00|True|40|2
1163|20-06-2023 00:00:00/2.00:00:00|True|40|2
1164|18-06-2023 00:00:00/2.00:00:00|True|40|2
1165|19-06-2023 00:00:00/2.00:00:00|True|40|2
1166|16-06-2023 00:00:00/4.00:00:00|True|40|2
1167|08-06-2023 00:00:00/4.00:00:00|True|40|1
1168|10-06-2023 00:00:00/3.00:00:00|True|40|3
1169|21-06-2023 00:00:00/2.00:00:00|True|40|1
1170|22-06-2023 00:00:00/2.00:00:00|True|40|3
1171|17-06-2023 00:00:00/4.00:00:00|True|40|2
1172|22-06-2023 00:00:00/2.00:00:00|True|40|3
1173|10-06-2023 00:00:00/5.00:00:00|True|40|1
1174|20-06-2023 00:00:00/2.00:00:00|True|40|3
1175|20-06-2023 00:00:00/3.00:00:00|True|40|2
1176|06-06-2023 00:00:00/3.00:00:00|True|40|1
1177|14-06-2023 00:00:00/4.00:00:00|True|40|3
1178|20-06-2023 00:00:00/1.00:00:00|True|40|2
1179|24-06-2023 00:00:00/4.00:00:00|True|40|2
1180|10-06-2023 00:00:00/5.00:00:00|True|40|3
1181|24-06-2023 00:00:00/2.00:00:00|True|40|3
1182|14-06-2023 00:00:00/1.00:00:00|True|40|1
1183|17-06-2023 00:00:00/3.00:00:00|True|40|1
1184|26-06-2023 00:00:00/1.00:00:00|True|40|1
1185|21-06-2023 00:00:00/3.00:00:00|True|40|3
1186|13-06-2023 00:00:00/5.00:00:00|True|40|2
1187|15-06-2023 00:00:00/1.00:00:00|True|40|3
1188|07-06-2023 00:00:00/1.00:00:00|True|40|2
1189|15-06-2023 00:00:00/5.00:00:00|True|40|3
1190|08-06-2023 00:00:00/5.00:00:00|True|40|1
1191|26-06-2023 00:00:00/1.00:00:00|True|40|1
1192|10-06-2023 00:00:00/4.00:00:00|True|40|2
1193|22-06-2023 00:00:00/3.00:00:00|True|40|3
1194|17-06-2023 00:00:00/1.00:00:00|True|40|3
1195|19-06-2023 00:00:00/4.00:00:00|True|40|3
1196|09-06-2023 00:00:00/2.00:00:00|True|40|3
1197|22-06-2023 00:00:00/4.00:00:00|True|40|3
1198|07-06-2023 00:00:00/5.00:00:00|True|43|1
1199|20-06-2023 00:00:00/5.00:00:00|True|43|1
1200|22-06-2023 00:00:00/2.00:00:00|True|43|2
1201|10-06-2023 00:00:00/3.00:00:00|True|43|2
1202|16-06-2023 00:00:00/3.00:00:00|True|43|3
1203|18-06-2023 00:00:00/3.00:00:00|True|43|1
1204|11-06-2023 00:00:00/1.00:00:00|True|43|3
1205|23-06-2023 00:00:00/5.00:00:00|True|43|3
1206|19-06-2023 00:00:00/4.00:00:00|True|43|3
1207|19-06-2023 00:00:00/5.00:00:00|True|43|3
1208|06-06-2023 00:00:00/5.00:00:00|True|43|3
1209|27-06-2023 00:00:00/3.00:00:00|True|43|2
1210|24-06-2023 00:00:00/5.00:00:00|True|43|3
1211|18-06-2023 00:00:00/4.00:00:00|True|43|2
1212|06-06-2023 00:00:00/5.00:00:00|True|43|2
1213|17-06-2023 00:00:00/4.00:00:00|True|43|2
1214|26-06-2023 00:00:00/5.00:00:00|True|43|2
1215|19-06-2023 00:00:00/1.00:00:00|True|43|3
1216|21-06-2023 00:00:00/5.00:00:00|True|43|1
1217|07-06-2023 00:00:00/3.00:00:00|True|43|1
1218|07-06-2023 00:00:00/3.00:00:00|True|43|3
1219|15-06-2023 00:00:00/1.00:00:00|True|43|1
1220|15-06-2023 00:00:00/5.00:00:00|True|43|3
1221|07-06-2023 00:00:00/3.00:00:00|True|43|3
1222|22-06-2023 00:00:00/3.00:00:00|True|43|1
1223|11-06-2023 00:00:00/2.00:00:00|True|43|1
1224|28-06-2023 00:00:00/5.00:00:00|True|43|1
1225|11-06-2023 00:00:00/1.00:00:00|True|43|2
1226|24-06-2023 00:00:00/2.00:00:00|True|43|1
1227|22-06-2023 00:00:00/1.00:00:00|True|43|2
1228|25-06-2023 00:00:00/4.00:00:00|True|43|1
1229|21-06-2023 00:00:00/2.00:00:00|True|43|1
1230|08-06-2023 00:00:00/3.00:00:00|True|43|3
1231|16-06-2023 00:00:00/1.00:00:00|True|43|1
1232|10-06-2023 00:00:00/1.00:00:00|True|1|2
1233|11-06-2023 00:00:00/2.00:00:00|True|1|3
1234|12-06-2023 00:00:00/5.00:00:00|True|1|2
1235|09-06-2023 00:00:00/4.00:00:00|True|1|2
1236|22-06-2023 00:00:00/2.00:00:00|True|1|3
1237|27-06-2023 00:00:00/4.00:00:00|True|1|2
1238|17-06-2023 00:00:00/2.00:00:00|True|1|2
1239|28-06-2023 00:00:00/5.00:00:00|True|1|1
1240|15-06-2023 00:00:00/4.00:00:00|True|1|2
1241|18-06-2023 00:00:00/5.00:00:00|True|1|1
1242|14-06-2023 00:00:00/4.00:00:00|True|8|2
1243|19-06-2023 00:00:00/3.00:00:00|True|8|3
1244|11-06-2023 00:00:00/1.00:00:00|True|8|2
1245|20-06-2023 00:00:00/1.00:00:00|True|8|1
1246|13-06-2023 00:00:00/1.00:00:00|True|8|3
1247|25-06-2023 00:00:00/3.00:00:00|True|8|1
1248|22-06-2023 00:00:00/5.00:00:00|True|8|1
1249|22-06-2023 00:00:00/1.00:00:00|True|8|2
1250|23-06-2023 00:00:00/3.00:00:00|True|9|3
1251|25-06-2023 00:00:00/2.00:00:00|True|9|3
1252|11-06-2023 00:00:00/2.00:00:00|True|9|3
1253|21-06-2023 00:00:00/2.00:00:00|True|9|1
1254|22-06-2023 00:00:00/2.00:00:00|True|9|2
1255|24-06-2023 00:00:00/1.00:00:00|True|9|1
1256|08-06-2023 00:00:00/2.00:00:00|True|9|1
1257|11-06-2023 00:00:00/5.00:00:00|True|9|3
1258|06-06-2023 00:00:00/3.00:00:00|True|9|3
1259|24-06-2023 00:00:00/4.00:00:00|True|9|3
1260|22-06-2023 00:00:00/2.00:00:00|True|9|3
1261|14-06-2023 00:00:00/5.00:00:00|True|9|3
1262|18-06-2023 00:00:00/5.00:00:00|True|9|3
1263|28-06-2023 00:00:00/1.00:00:00|True|9|2
1264|13-06-2023 00:00:00/5.00:00:00|True|16|2
1265|17-06-2023 00:00:00/4.00:00:00|True|16|3
1266|16-06-2023 00:00:00/5.00:00:00|True|16|1
1267|09-06-2023 00:00:00/2.00:00:00|True|16|1
1268|11-06-2023 00:00:00/3.00:00:00|True|16|2
1269|09-06-2023 00:00:00/4.00:00:00|True|16|3
1270|25-06-2023 00:00:00/3.00:00:00|True|16|1
1271|06-06-2023 00:00:00/5.00:00:00|True|16|3
1272|23-06-2023 00:00:00/3.00:00:00|True|16|3
1273|06-06-2023 00:00:00/5.00:00:00|True|16|3
1274|14-06-2023 00:00:00/5.00:00:00|True|16|3
1275|10-06-2023 00:00:00/1.00:00:00|True|16|3
1276|06-06-2023 00:00:00/3.00:00:00|True|16|1
1277|11-06-2023 00:00:00/4.00:00:00|True|16|3
1278|11-06-2023 00:00:00/1.00:00:00|True|16|3
1279|09-06-2023 00:00:00/2.00:00:00|True|16|2
1280|27-06-2023 00:00:00/2.00:00:00|True|16|3
1281|26-06-2023 00:00:00/1.00:00:00|True|16|1
1282|20-06-2023 00:00:00/3.00:00:00|True|16|2
1283|16-06-2023 00:00:00/1.00:00:00|True|16|3
1284|26-06-2023 00:00:00/4.00:00:00|True|16|2
1285|27-06-2023 00:00:00/3.00:00:00|True|16|3
1286|23-06-2023 00:00:00/2.00:00:00|True|16|3
1287|27-06-2023 00:00:00/3.00:00:00|True|16|1
1288|27-06-2023 00:00:00/5.00:00:00|True|16|2
1289|19-06-2023 00:00:00/3.00:00:00|True|16|2
1290|19-06-2023 00:00:00/3.00:00:00|True|16|1
1291|09-06-2023 00:00:00/4.00:00:00|True|16|2
1292|23-06-2023 00:00:00/2.00:00:00|True|16|2
1293|12-06-2023 00:00:00/1.00:00:00|True|16|3
1294|28-06-2023 00:00:00/1.00:00:00|True|16|2
1295|13-06-2023 00:00:00/1.00:00:00|True|16|2
1296|22-06-2023 00:00:00/4.00:00:00|True|16|3
1297|07-06-2023 00:00:00/3.00:00:00|True|16|2
1298|21-06-2023 00:00:00/1.00:00:00|True|16|2
1299|17-06-2023 00:00:00/3.00:00:00|True|16|1
1300|17-06-2023 00:00:00/3.00:00:00|True|23|1
1301|25-06-2023 00:00:00/4.00:00:00|True|23|3
1302|06-06-2023 00:00:00/4.00:00:00|True|23|2
1303|26-06-2023 00:00:00/5.00:00:00|True|23|2
1304|10-06-2023 00:00:00/2.00:00:00|True|23|1
1305|25-06-2023 00:00:00/3.00:00:00|True|23|2
1306|06-06-2023 00:00:00/1.00:00:00|True|23|2
1307|17-06-2023 00:00:00/2.00:00:00|True|23|1
1308|13-06-2023 00:00:00/1.00:00:00|True|23|3
1309|10-06-2023 00:00:00/2.00:00:00|True|23|1
1310|23-06-2023 00:00:00/1.00:00:00|True|23|3
1311|09-06-2023 00:00:00/3.00:00:00|True|23|3
1312|17-06-2023 00:00:00/4.00:00:00|True|23|1
1313|08-06-2023 00:00:00/1.00:00:00|True|23|1
1314|18-06-2023 00:00:00/3.00:00:00|True|23|3
1315|16-06-2023 00:00:00/2.00:00:00|True|23|2
1316|11-06-2023 00:00:00/1.00:00:00|True|23|1
1317|09-06-2023 00:00:00/3.00:00:00|True|23|2
1318|13-06-2023 00:00:00/1.00:00:00|True|23|1
1319|14-06-2023 00:00:00/5.00:00:00|True|23|2
1320|23-06-2023 00:00:00/2.00:00:00|True|23|2
1321|17-06-2023 00:00:00/4.00:00:00|True|28|3
1322|17-06-2023 00:00:00/5.00:00:00|True|28|2
1323|17-06-2023 00:00:00/2.00:00:00|True|28|2
1324|16-06-2023 00:00:00/1.00:00:00|True|28|3
1325|19-06-2023 00:00:00/2.00:00:00|True|28|2
1326|08-06-2023 00:00:00/2.00:00:00|True|28|1
1327|13-06-2023 00:00:00/3.00:00:00|True|28|3
1328|14-06-2023 00:00:00/3.00:00:00|True|28|1
1329|22-06-2023 00:00:00/1.00:00:00|True|28|1
1330|26-06-2023 00:00:00/4.00:00:00|True|28|2
1331|18-06-2023 00:00:00/1.00:00:00|True|31|2
1332|08-06-2023 00:00:00/1.00:00:00|True|31|1
1333|08-06-2023 00:00:00/3.00:00:00|True|31|3
1334|21-06-2023 00:00:00/5.00:00:00|True|31|2
1335|13-06-2023 00:00:00/3.00:00:00|True|31|1
1336|16-06-2023 00:00:00/1.00:00:00|True|31|2
1337|09-06-2023 00:00:00/4.00:00:00|True|31|1
1338|24-06-2023 00:00:00/1.00:00:00|True|31|3
1339|24-06-2023 00:00:00/4.00:00:00|True|31|2
1340|09-06-2023 00:00:00/4.00:00:00|True|31|1
1341|14-06-2023 00:00:00/3.00:00:00|True|31|1
1342|15-06-2023 00:00:00/4.00:00:00|True|31|2
1343|10-06-2023 00:00:00/1.00:00:00|True|31|1
1344|21-06-2023 00:00:00/1.00:00:00|True|31|3
1345|17-06-2023 00:00:00/1.00:00:00|True|31|3
1346|19-06-2023 00:00:00/5.00:00:00|True|31|2
1347|18-06-2023 00:00:00/1.00:00:00|True|31|2
1348|24-06-2023 00:00:00/2.00:00:00|True|31|2
1349|18-06-2023 00:00:00/5.00:00:00|True|31|1
1350|28-06-2023 00:00:00/2.00:00:00|True|31|1
1351|11-06-2023 00:00:00/5.00:00:00|True|31|1
1352|26-06-2023 00:00:00/2.00:00:00|True|31|1
1353|14-06-2023 00:00:00/5.00:00:00|True|31|2
1354|18-06-2023 00:00:00/2.00:00:00|True|31|1
1355|23-06-2023 00:00:00/3.00:00:00|True|31|3
1356|22-06-2023 00:00:00/5.00:00:00|True|34|1
1357|21-06-2023 00:00:00/1.00:00:00|True|34|3
1358|21-06-2023 00:00:00/1.00:00:00|True|34|3
1359|22-06-2023 00:00:00/5.00:00:00|True|34|1
1360|26-06-2023 00:00:00/2.00:00:00|True|34|2
1361|26-06-2023 00:00:00/4.00:00:00|True|34|3
1362|08-06-2023 00:00:00/1.00:00:00|True|34|3
1363|12-06-2023 00:00:00/1.00:00:00|True|34|1
1364|25-06-2023 00:00:00/5.00:00:00|True|34|1
1365|12-06-2023 00:00:00/1.00:00:00|True|34|3
1366|12-06-2023 00:00:00/2.00:00:00|True|34|3
1367|28-06-2023 00:00:00/1.00:00:00|True|34|2
1368|25-06-2023 00:00:00/4.00:00:00|True|34|3
1369|14-06-2023 00:00:00/5.00:00:00|True|34|2
1370|21-06-2023 00:00:00/5.00:00:00|True|34|2
1371|12-06-2023 00:00:00/1.00:00:00|True|34|1
1372|23-06-2023 00:00:00/1.00:00:00|True|34|1
1373|15-06-2023 00:00:00/2.00:00:00|True|34|3
1374|23-06-2023 00:00:00/4.00:00:00|True|34|2
1375|11-06-2023 00:00:00/1.00:00:00|True|34|3
1376|16-06-2023 00:00:00/2.00:00:00|True|34|1
1377|18-06-2023 00:00:00/2.00:00:00|True|34|2
1378|28-06-2023 00:00:00/4.00:00:00|True|34|3
1379|11-06-2023 00:00:00/3.00:00:00|True|34|2
1380|24-06-2023 00:00:00/3.00:00:00|True|34|3
1381|11-06-2023 00:00:00/2.00:00:00|True|34|3
1382|12-06-2023 00:00:00/2.00:00:00|True|34|3
1383|24-06-2023 00:00:00/2.00:00:00|True|37|3
1384|16-06-2023 00:00:00/1.00:00:00|True|37|2
1385|23-06-2023 00:00:00/1.00:00:00|True|37|2
1386|20-06-2023 00:00:00/3.00:00:00|True|37|2
1387|17-06-2023 00:00:00/2.00:00:00|True|37|3
1388|28-06-2023 00:00:00/3.00:00:00|True|37|3
1389|20-06-2023 00:00:00/1.00:00:00|True|37|1
1390|23-06-2023 00:00:00/5.00:00:00|True|37|1
1391|25-06-2023 00:00:00/5.00:00:00|True|37|3
1392|08-06-2023 00:00:00/2.00:00:00|True|37|1
1393|24-06-2023 00:00:00/3.00:00:00|True|37|1
1394|09-06-2023 00:00:00/3.00:00:00|True|40|2
1395|26-06-2023 00:00:00/4.00:00:00|True|40|1
1396|27-06-2023 00:00:00/3.00:00:00|True|40|3
1397|07-06-2023 00:00:00/2.00:00:00|True|40|3
1398|08-06-2023 00:00:00/5.00:00:00|True|40|1
1399|13-06-2023 00:00:00/5.00:00:00|True|40|2
1400|10-06-2023 00:00:00/4.00:00:00|True|40|2
1401|11-06-2023 00:00:00/3.00:00:00|True|40|1
1402|22-06-2023 00:00:00/1.00:00:00|True|40|1
1403|21-06-2023 00:00:00/3.00:00:00|True|40|2
1404|22-06-2023 00:00:00/1.00:00:00|True|40|1
1405|07-06-2023 00:00:00/2.00:00:00|True|40|3
1406|08-06-2023 00:00:00/3.00:00:00|True|40|2
1407|08-06-2023 00:00:00/4.00:00:00|True|40|1
1408|24-06-2023 00:00:00/1.00:00:00|True|40|2
1409|15-06-2023 00:00:00/5.00:00:00|True|40|1
1410|08-06-2023 00:00:00/4.00:00:00|True|40|1
1411|16-06-2023 00:00:00/4.00:00:00|True|40|1
1412|25-06-2023 00:00:00/2.00:00:00|True|40|1
1413|12-06-2023 00:00:00/1.00:00:00|True|40|1
1414|21-06-2023 00:00:00/1.00:00:00|True|40|1
1415|10-06-2023 00:00:00/1.00:00:00|True|40|1
1416|14-06-2023 00:00:00/3.00:00:00|True|40|2
1417|09-06-2023 00:00:00/1.00:00:00|True|40|1
1418|07-06-2023 00:00:00/2.00:00:00|True|40|3
1419|14-06-2023 00:00:00/4.00:00:00|True|40|1
1420|17-06-2023 00:00:00/2.00:00:00|True|40|2
1421|08-06-2023 00:00:00/3.00:00:00|True|40|1
1422|08-06-2023 00:00:00/4.00:00:00|True|40|3
1423|06-06-2023 00:00:00/2.00:00:00|True|40|3
1424|25-06-2023 00:00:00/1.00:00:00|True|40|2
1425|20-06-2023 00:00:00/2.00:00:00|True|40|2
1426|22-06-2023 00:00:00/4.00:00:00|True|43|3
1427|18-06-2023 00:00:00/3.00:00:00|True|43|3
1428|10-06-2023 00:00:00/4.00:00:00|True|43|3
1429|19-06-2023 00:00:00/3.00:00:00|True|43|3
1430|07-06-2023 00:00:00/5.00:00:00|True|43|2
1431|18-06-2023 00:00:00/3.00:00:00|True|43|1
1432|27-06-2023 00:00:00/4.00:00:00|True|43|3
